Код,Тип,Наименование,Локация,Дата,Количество,Примечание
p001,photo,"Встреча Президента Казахской ССР Н.А. Назарбаева с Президентом Турецкой Республики Т. Озалом, прибывшим в Казахстан по приглашению",г. Алма- Ата,14.03.1991,1,Искать по дате
p002,photo,"Встреча Президента Казахской ССР Н.А. Назарбаева со Старшим министром Республики Сингапур Ли Куан Ю, прибывшим по приглашению Президента в  г. Алма-Ату",г. Алма- Ата,19.09.1991,1,Искать по дате
p003,photo,"Встреча  Президента  РК Н.А. Назарбаева с Председателем Исполкома Организации освобождения Палестины Я. Арафатом, прибывшим в Ка­захстан с рабочим визитом",г. Алма-Ата,23.12.1991,1,Искать по дате
p004,photo,"Официальный визит Президента  РК Н.А. Назарбаева в Республику Индия. Встреча с Президентом Индии  Р. Венкатараманом",г. Дели,21.02.1992,2,Искать по дате
p005,photo,Официальный визит Президента  РК Н.А. Назарбаева в Соединенные Штаты Америки. Встреча с Президентом Дж. Бушем,г. Вашингтон,18.05.1992,2,Искать по дате
p006,photo,"Встреча Президента  РК Н.А. Назарбаева с Президентом Франции Ф. Миттераном, в рамках работы саммита Совещания по безопасности и сотрудничеству в Европе (СБСЕ)","г. Хельсинки",10.07.1992,1,Искать по дате
p007,photo,"Официальный визит Президента РК Н.А. Назарбаева в Федеративную Республику Германия. Встреча с Федеральным канцлером ФРГ Г. Колем","г. Бонн",23.09.1992,1,Искать по дате
p008,photo,"Встреча  Президента  РК Н.А. Назарбаева с Президентом Финляндской Республики М. Койвисто, прибывшим в Казахстан с официальным визитом",Алма-Ата,28.09.1992,1,Искать по дате
p009,photo,"Встреча  Президента  РК Н.А. Назарбаева с Президентом Республики Узбекистан И. Каримовым, в рамках встречи глав государств и правительств республик Средней Азии",г. Ташкент,04.01.1993,1,Искать по дате
p010,photo,"Встреча  Президента  РК Н.А. Назарбаева с Председателем Верховного Совета Республики Таджикистан Э. Рахмоновым, прибывшим в Казахстан с официальным визитом",г. Алматы,13.01.1993,1,Искать по дате
p011,photo,Официальный визит Президента РК Н.А. Назарбаева в Арабскую Республику Египет. Встреча с Президентом Египта Х. Мубараком,г. Каир,13.02.1993,2,Искать по дате
p012,photo,"Встреча Президента РК Н.А. Назарбаева с Президентом Турецкой Республики Т. Озалом, прибывшим в Казахстан с официальным визитом",Алматы,09.04.1993,1,Искать по дате
p013,photo,"Встреча Президента РК Н.А. Назарбаева с Федеральным канцлером Австрийской Республики Ф. Враницким, прибывшим в Казахстан с официальным визитом",г. Алматы,26.04.1993,1,Искать по дате
p014,photo,Официальный визит Президента РК Н.А. Назарбаева в Туркменистан. Встреча Президента РК Н.А. Назарбаева с Президентом Туркменистана С.А. Ниязовым,Ашхабад,18.05.1993,1,Искать по дате
p015,photo,"Участие Президентов в торжественных мероприятиях, посвященных Толе би, Казыбек би и Айтеке би, состоявшихся в урочище Ордабасы","ЮКО, урочище Ордабасы",28.05.1993,1,Искать по дате
p016,photo,"Встреча  Президента РК Н.А. Назарбаева с Председателем Парламента  и главой государства  Э. Шеварднадзе, прибывшим в Казахстан с рабочим визитом",г. Алматы,01.06.1993,1,Искать по дате
p017,photo,Официальный визит Президента РК Н.А. Назарбаева в Таиланд. Встреча с Королем Таиланда Пумипоном Абдульядетом (Рамой IX),г. Бангкок,21.07.1993,1,Искать по дате
p018,photo,"Встреча  Президента  РК Н.А. Назарбаева с Президентом Франции Ф. Миттераном, прибывшим в Казахстан с официальным визитом",г. Алматы ,16.09.1993,1,Искать по дате
p019,photo,"Встреча Президента РК Н.А. Назарбаева с Председателем Верховного Совета Таджикистана Э. Рахмоновым",г. Алматы,25.01.1994,1,Искать по дате
p020,photo,Официальный визит Президента РК Н.А. Назарбаева в Соединенные Штаты Америки. Встреча с Президентом США Б. Клинтоном,"Вашингтон, Белый дом",14.02.1994,2,Искать по дате
p021,photo,Официальный визит Президента РК Н.А. Назарбаева в Испанию. Встреча с Королем Хуаном Карлосом I,г. Мадрид,23.03.1994,1,Искать по дате
p022,photo,"Официальный визит Президента РК Н.А. Назарбаева в Японию. Встреча с Императором Японии Акихито",г. Токио,06.04.1994,1,Искать по дате
p023,photo,"Встреча Президента РК Н.А. Назарбаева с генерал-губернатором Австралии У.Д. Хэйденом, прибывшим в Казахстан с официальным визитом",г. Алматы,12.04.1994,1,Искать по дате
p024,photo,Официальный визит Президента РК Н.А. Назарбаева в Эстонию. Встреча с Президентом Эстонии Л. Мери,г. Таллин,07.08.1994,1,Искать по дате
p025,photo,Официальный визит Президента РК Н.А. Назарбаева в Литовскую Республику. Встреча с руководителем Литвы А. Бразаускасом,г. Вильнюс,09.08.1994,1,Искать по дате
p026,photo,Официальный визит Президента РК Н.А. Назарбаева в Украину. Встреча  с Президентом Украины Л. Кучмой,г. Киев,10.08.1994,1,Искать по дате
p027,photo,Государственный визит Президента РК Н.А. Назарбаева  в Республику Узбекистан. Встреча  с Президентом Узбекистана И.А. Каримовым,г. Ташкент,10.01.1994,1,Искать по дате
p028,photo,Рабочий  визит Президента РК Н.А. Назарбаева во Французскую Республику.  Встреча с Президентом Франции Ф. Миттераном,г. Париж,18.02.1994,1,Искать по дате
p029,photo,Официальный визит Президента РК Н.А. Назарбаева в Венгерскую Республику.  Встреча с Президентом Венгрии А. Генцем,г. Будапешт,04.12.1994,1,Искать по дате
p030,photo,Официальный визит Президента РК Н.А. Назарбаева в Российскую Федерацию. Встреча с Президентом РФ Б. Ельциным,г. Москва,28.03.1994,1,Искать по дате
p031,photo,Официальный визит Президента РК Н.А. Назарбаева в Королевство Саудовской Аравии. Встреча с королем Фахдом бен Абделем Азизом,Эр-Рияд,25.09.1994,1,Искать по дате
p032,photo,"Встреча Президента РК Н.А. Назарбаева с главами государств Центральной Азии,  в рамках совещания глав государств Центральной Азии по проблемам сохранения Арала",г. Дашховуз,03.03.1995,1,
p033,photo,"Встреча Президента РК Н.А. Назарбаева с Президентом Франции Ж. Шираком в рамках рабочего визита во Францию",г. Париж,06.06.1995,1,
p034,photo,"Встреча Президента РК Н.А. Назарбаева с Президентом Республики Индонезия М. Сухарто, прибывшим в Казахстан с рабочим визитом",г. Алматы,07.04.1995,1,
p035,photo,"Встреча Президента РК Н.А. Назарбаева с Президентом Турции С. Демирелем, прибывшим в Казахстан с рабочим визитом",г. Алматы,12.06.1995,1,
p036,photo,"Рабочий визит Президента РК Н.А. Назарбаева в Республику Узбекистан. Встреча с Президентом И.А. Каримовым",г. Ташкент,19.09.1995,1,
p037,photo,Рабочий визит Президента РК Н.А. Назарбаева в Российскую Федерацию. Встреча с Президентом РФ Б.Н. Ельциным,г. Москва,20.01.1995,1,
p038,photo,"Встреча Президента РК Н.А. Назарбаева с Президентом Украины Л.Д. Кучмой, прибывшим в Казахстан с официальным визитом",г. Алматы,21.09.1995,1,
p039,photo,Встреча Президента РК Н.А. Назарбаева с Президентом Белоруссии А. Лукашенко в рамках 50-сессии ООН,г. Нью-Йорк,22.10.1995,1,
p040,photo,"Встреча Президента РК Н.А. Назарбаева с Президентом Турции С. Демирелем, в рамках 50-сессии ООН",г. Нью-Йорк,22.10.1995,1,
p041,photo,Встреча Президента РК Н.А. Назарбаева с Президентом Таджикистана Э. Рахмоновым,г. Алматы,22.11.1995,1,
p042,photo,"Встреча Президента РК Н.А. Назарбаева с Премьер-министром Исламской Республики Пакистан Б. Бхутто, прибывшей в Казахстан с официальным визитом",г. Алматы,23.08.1995,1,
p043,photo,Официальный визит Президента  РК Н.А. Назарбаева в Израиль. Встреча с Президентом Израиля Э. Вейцманом,г. Тель-Авив,26.12.1995,1,
p044,photo,Официальный визит Президента РК Н.А. Назарбаева в Государство Палестина.  Встреча с Председателем Исполкома Организации освобождения Палестины Я. Арафатом,г. Иерусалим,25.12.1995,1,
p045,photo,Официальный визит Президента РК Н.А. Назарбаева в Китайскую Народную Республику. Встреча с Председателем КНР Цзянь Цземинем,г. Пекин,11.09.1995,1,
p046,photo,Государственный визит Президента РК Н.А. Назарбаева в Республику Татарстан. Встреча с Президентом Татарстана М. Шаймиевым,г. Казань,03.04.1996,1,
p047,photo,"Встреча Президента РК Н.А. Назарбаева с Председателем КНР Ц. Цземинем, прибывшим  в Казахстан с официальным визитом",г. Алматы,04.07.1996,1,
p048,photo,Президент РК Н.А. Назарбаев прибыл с визитом в столицу Белорусии город Минск. Встреча с Президентом Республики Беларусь А. Лукашенко,г. Минск,17.01.1996,1,
p049,photo,В Екатерининском зале Кремля на заседании глав государств Содружества выступил Президент РК Н.А. Назарбаев,г. Москва,19.01.1996,1,
p050,photo,Официальный визит в Исламскую Республику Иран. Встреча с Президентом Х. Рафсанджани,Тегеран,11.05.1996,1,
p051,photo,Официальный визит Президента РК Н.А. Назарбаева в Азербайджанскую Республику. Встреча с Президентом Азербайджана Г.А. Алиевым,г. Баку,16.09.1996,1,
p052,photo,Официальный визит Президента РК Н.А. Назарбаева в Грузию. Подписание Декларации об основах экономических отношений между Казахстаном и Грузией,Тбилиси,17.09.1996,1,
p053,photo,"Встреча Президента РК Н.А. Назарбаева с премьер-министром Федерации Малайзия М. Мохамадом, прибывшим в Казахстан с официальным визитом",г. Алматы,18.07.1996,1,
p054,photo,Официальный визит Президента РК Н.А. Назарбаева в Республику Сингапур. Встреча с премьер-министром страны Гок Чок Тонгом,Сингапур,29.05.1996,1,
p055,photo,Рабочий визит Президента РК Н.А. Назарбаева в Российскую Федерацию. Встреча с Президентом Российской Федерации Б.Н. Ельциным,г. Москва,23.11.1996,1,
p056,photo,"Встреча Президента РК Н.А. Назарбаева с Президентом Исламской Республики Пакистан Ф. Легари, прибывшим в Казахстан с официальным визитом",г. Алматы,28.10.1996,1,
p057,photo,Государственный визит Президента РК Н.А. Назарбаева в Федерацию Малайзия. Встреча с премьер-министром Малайзии М. Мохамадом,г.Куала-Лумпур,14.12.1996,1,
p058,photo,Официальный визит Президента РК Н.А. Назарбаева в Республику Индия.  Встреча с Президентом Индии Ш. Шармой,г. Дели,09.12.1996,1,
p059,photo,"Встреча Президента РК Н.А. Назарбаева с Президентом Российской Федерации Б.Н. Ельциным, прибывшим в Казахстан с рабочим визитом",г. Алматы,27.04.1996,1,
p060,photo,"Встреча Президента РК Н.А. Назарбаева с Президентом Польши А. Квасьневским, в рамках международного экономического форума",г. Давос,30.01.1997,1,
p061,photo,Частный визит Президента РК Н.А. Назарбаева в Китайскую Народную Республику. Встреча с Председателем КНР с Цзян Цзэминем,г. Пекин,12.02.1997,4,
p062,photo,"Встреча Президента РК Н.А. Назарбаева с Президентом Литовской Республики А. Бразаускасом, прибывшим в Казахстан с официальным визитом",Алматы,07.03.1997,1,
p063,photo,Встреча Президента РК Н.А. Назарбаева с Президентом РФ Б. Ельциным,Москва,24.04.1997,1,
p064,photo,"Встреча Президента РК Н.А. Назарбаева с Президентом Итальянской Республики  О.Л. Скальфаро, прибывшим в Казахстан с официальным визитом",Алматы,05.05.1997,4,
p065,photo,Официальный визит Президента Азербайджана Г. Алиева в Казахстан. Подписание документов,Алматы,10.06.1997,1,
p066,photo,"Встреча Президента РК Н.А. Назарбаева с Президентом Татарстана М. Шаймиевым, прибывшим в Казахстан с официальным визитом",Алматы,25.08.1997,1,
p067,photo,Официальный визит Президента РК Н.А. Назарбаева в Государство Кувейт. Встреча с Эмиром Кувейта шейхом Джабером аль-Ахмадом аль-Джабером аль-Сабахом,г. Кувейт,01.09.1997,2,
p068,photo,Официальный визит Президента РК Н.А. Назарбаева в Султанат Оман. Встреча с Султаном Кабусом бен Саидом,"г.Маскат.",02.09.1997,3,
p069,photo,Официальный визит Президента РК Н.А. Назарбаева в Королевство Бахрейн. Встреча с Эмиром Бахрейна шейхом Исой ибн Салманом аль-Халифой,г. Манама,02.09.1997,5,
p070,photo,Президент РК Н.А. Назарбаев был награжден Президентом РФ Б. Ельциным юбилейной медалью в честь 850-летия Москвы,Москва,06.09.1997,2,
p071,photo,Встреча Президента РК Н.А. Назарбаева с  Президентом Республики Беларусь А. Лукашенко,Москва,06.09.1997,1,
p072,photo,"Встреча Президента РК Н.А. Назарбаева с Премьер-министром Италии Р. Проди, прибывшим в Казахстан с официальным визитом",Алматы,16.09.1997,2,
p073,photo,"Встреча Президента РК Н.А. Назарбаева с Президентом Республики Беларусь А. Лукашенко, прибывшим в Казахстан с официальным визитом",Алматы,23.09.1997,3,
p074,photo,"Встреча Президента РК Н.А. Назарбаева с Президентом Украины Л. Кучмой, прибывшим в Казахстан с официальным визитом",Алматы,14.10.1997,3,
p075,photo,"Встреча Президента РК Н.А. Назарбаева с председателем правительства Испании Х.М. Аснаром, прибывшим в Алматы с официальным визитом",Алматы,27.10.1997,3,
p076,photo,"Встреча Президента РК Н.А. Назарбаева с Президентом Венгрии А. Генцем, прибывшим в Казахстан с официальным визитом",Алматы,03.11.1997,3,
p077,photo,"Встреча Президента РК Н.А. Назарбаева с Президентом Грузии Э. Шеварднадзе, прибывшим с официальным визитом в Казахстан",Алматы,11.11.1997,1,
p078,photo,"Встреча Президента РК Н.А. Назарбаева с Президентом США Б. Клинтоном, в ходе официального визита",Вашингтон,18.11.1997,4,
p079,photo,"Встреча Президента РК Н.А. Назарбаева с Президентом Франции Ж. Шираком, в рамках сессии Генеральной Ассамблеи ООН",Нью-Йорк,23.06.1997,3,
p080,photo,"Встреча Президента РК Н.А. Назарбаева с Президентом ФРГ Р. Херцогом, в ходе официального визита в Федеративную Республику Германия",Бонн,24.11.1997,2,
p081,photo,"Встреча Президента РК Н.А. Назарбаева с Федеральным канцлером ФРГ Г. Колем, в ходе официального визита в Федеративную Республику Германия",Бонн,25.11.1997,3,
p082,photo,Официальный визит Президента РК Н.А. Назарбаева в Польшу. Встреча с Президентом Польши А. Квасьневским.,Варшава,27.11.1997,4,
p083,photo,Встреча Президента РК Н.А. Назарбаева с Президентом Туркменистана С. Ниязовым,Алматы,27.02.1997,1,
p084,photo,Рабочий визит Президента РК Н.А. Назарбаева в Российскую Федерацию. Встреча с Президентом РФ Б. Ельциным,Москва,23.01.1998,2,
p085,photo,"Встреча Президента РК Н.А. Назарбаева с Королем Испании Хуаном Карлосом I, прибывшим в Казахстан с официальным визитом",Алматы,13.02.1998,2,
p086,photo,"Официальный визит Президента Монголии Н. Багабанди в Казахстан, прибывшим в Казахстан с официальным визитом",Алматы,12.03.1998,3,
p087,photo,Рабочий визит Президента РК Н.А. Назарбаева в Российскую Федерацию. Встреча с Президентом РФ Б. Ельциным,Москва,09.04.1998,4,
p088,photo,Президент РК Н. Назарбаев с Президентом Турции С. Демирелем в мавзолее Ходжи Ахмеда Яссауи,г. Туркестан,12.05.1998,3,
p089,photo,"Глава государства находился с официальным визитом в Государстве Катар, где в столице этой страны г. Дохе встретился с Эмиром Катара шейхом Хамадомбен Халифой аль-Тани",Доха,23.05.1998,2,
p090,photo,Встреча Президента РК Н. Назарбаева с Президентом ОАЭ шейхом Заид бен Султаном аль- Нахаяном.,Абу-Даби,24.05.1998,1,
p091,photo,"Встреча Президента РК Н.А. Назарбаева с Председателем Китайской Народной Республики Цзян Цзэминем, в рамках саммита государств «Шанхайской пятерки»",Астана,04.07.1998,1,
p092,photo,Официальный визит Президента РК Н.А. Назарбаева в Румынию. Встреча с Президентом Э. Константинеску,Бухарест,20.09.1998,3,
p093,photo,Официальный визит Президента РК Н. Назарбаева в Итальянскую Республику. Встреча с Президентом Италии О. Скальфаро,Рим,22.09.1998,2,
p094,photo,Встреча Президента РК Н.А. Назарбаева  с Папой Римским Иоанном Павлом II.,Ватикан,24.09.1998,1,
p095,photo,"Встреча Президента РК  Н.А. Назарбаева с Президентом РФ Б.Н. Ельциным, прибывшим в Казахстан с государственным визитом",Алматы,12.10.1998,4,
p096,photo,Официальный визит Президента РК Н.А. Назарбаева в Узбекистан. Встреча с Президентом Исламом Каримовым.,Ташкент,30.10.1998,2,
p097,photo,"Встреча Президента РК Н.А. Назарбаева с Президентом РФ Б. Ельциным, в рамках заседании Межгосударственного совета",г. Моква,23.01.1999,2,
p098,photo,"Встреча Президента РК Н.А. Назарбаева с Президентом Узбекистана И.А. Каримовым, в рамках заседания Межгосударственного совета ЦАЭС",г. Астана,19.02.1999,1,
p099,photo,"Встреча Президента РК Н.А. Назарбаева с Президентом Туркменистана С.А. Ниязовым в рамках заседания Международного фонда спасения Арала, состоявшемся в столице Туркменистана г. Ашгабаде",г. Ашгабад,08.04.1999,2,
p100,photo,"Встреча Президента РК Н. Назарбаева с Президентом Государства Палестины Я. Арафатом, прибывшего в Казахстан с рабочим визитом",г. Алматы,16.04.1999,2,
p101,photo,"Встреча Президента РК Н.А. Назарбаева с Эмиром Государства Катар шейхом Хамадом бен Халифойаль –Тани, прибывшим в Казахстан с официальным визитом",Астана,21.04.1999,2,
p102,photo,Рабчий визит Президента РК Н.А. Назарбаева в Австрийскую Республику. Встреча с Президентом Австрии Т. Клестилем,Зальцбург,02.07.1999,2,
p103,photo,"Рабочий визит Президента РК Н.А. Назарбаева в Австрийскую Республику. Встреча с Президентом Болгарии П. Стояновым, в рамках Международной экономического саммита стран Центральной и Восточной Европы",Зальцбург,02.07.1999,2,
p104,photo,"Встреча Президента РК Н.А. Назарбаева с Президентом Республики Молдова П. Лучинским, прибывшим в Казахстан с официальным визитом",Астана,15.07.1999,3,
p105,photo,"Встреча Президента РК Н.А. Назарбаева с Председателем КНР Ц. Цзэминем, в рамках саммита «Шанхайской пятерки»",Бишкек,24.08.1999,1,
p106,photo,"Встреча Президента РК Н.А. Назарбаева с Президентом Армении Р. Кочаряном, прибывшим в Казахстан с официальным визитом",Астана,02.09.1999,2,
p107,photo,Официальный визит Главы государства в Республику Болгария. Встреча с Президентом П. Стояновым.,София,15.09.1999,2,
p108,photo,Официальный визит Президент РК Н.А. Назарбаева в Исламскую Республику Иран. Встреча с Президентом Ирана М. Хатами,Тегеран,05.10.1999,3,
p109,photo,Рабочий визит Президента РК Н.А. Назарбаева в Российскую Республику. Встреча с Президентом РФ Б. Ельциным,Москва,26.10.1999,2,
p110,photo,"Встреча Президента РК Н.А. Назарбаева с Президентом Румынии Э. Константинеску, прибывшим в Казахстан с официальным визитом",Астана,11.11.1999,3,
p111,photo,Официальный визит Президента РК Н.Назарбаева в Монголию. Встреча с Президентом Монголии Н. Баганди,Улан-Батор,22.11.1999,3,
p112,photo,Официальный визит Президента иРК Н.А. Назарбаева в Китайскую Народную Республику. Встреча с председателем КНР Ц. Цзэминем.,Пекин,23.11.1999,3,
p113,photo,"Встреча Президента РК Н.А. Назарбаева с Императором Японии Акихито, в рамках официального визита в Японию",Токио,07.12.1999,1,
p114,photo,"Встреча Президента РК Н.А. Назарбаева с Президентом США Б. Клинтоном, в рамках официального визита в США",Вашингтон,21.12.1999,2,
p115,photo,Государственный визит Президента РК Н.А. Назарбаева в Австрийскую Республику. Встреча с Президентом Австрии Т. Клестилем,г. Вена,23.02.2000,2,
p116,photo,Официальный визит Президента РК Н.А. Назарбаева в Государство Израиль. Встреча с Президентом страны Э. Вейцманом,Тель-Авив,03.04.2000,3,
p117,photo,Официальный визит Президента РК Н.А. Назарбаева в Палестину. Встреча с Председателем Исполкома Организации освобождения Палестины Я. Арафатом,Иерусалим,04.04.2000,2,
p118,photo,Официальный визит Президента РК Н.А. Назарбаева в Республику Азербайджан. Встреча с Президентом страны Г.А. Алиевым,Баку,07.04.2000,2,
p119,photo,"Встреча Президента РК Н.А. Назарбаева с  Президентом Литовской Республики  В. Адамкусом, прибывшим в Казахстан с государственным визитом",Астана,11.05.2000,3,
p120,photo,Официальный визит Президента РК Н.Назарбаева в Республику Беларусь. Встреча с Президентом Беларуси А. Лукашенко,Минск,22.05.2000,2,
p121,photo,Рабочий визит Президента РК Н.А. Назарбаева в  Украину. Встреча с Президентом Украины Л.Д. Кучмой,Киев,02.06.2000,1,
p122,photo,"Официальный визит Президента РК Н.А. Назарбаева в Республику Таджикистан. Встреча с Президентом Э.Ш. Рахмоновым",Душанбе,13.06.2000,1,
p123,photo,"Встреча Президента РК Н.А. Назарбаева с Президентом РФ В.В. Путиным, в рамках официального визита в Российскую Федерацию",Москва,18.06.2000,2,
p124,photo,Государственный визит Президента РК Н.А. Назарбаева в Королевство Бельгия. Встреча с Королем Альбертом II,г. Брюссель,26.06.2000,1,
p125,photo,Официальный визит Главы государства во Францию. Встреча с Президентом Французской Республики Ж. Шираком,Париж,28.06.2000,1,
p126,photo,Официальный визит Председателя Китайской Народной Республики Ху Цзиньтао в Казахстан. Встреча президентов двух стран,Алматы,28.07.2000,1,
p127,photo,"Встреча с Президентом Турецкой Республики А.Н. Сезером, в рамках 55-й юбилейной сессии Генеральной Ассамблеи ООН",Нью-Йорк,07.09.2000,1,
p128,photo,"Встреча Президента РК  Н.А. Назарбаева с Президентом РФ В.В. Путиным, прибывшим с официальным визитом в Казахстан.",Астана,09.10.2000,2,
p129,photo,"Встреча Президента РК Н.А. Назарбаева с Президентом  Республики  Беларусь А. Лукашенко, прибывшим с официальным визитом в Казахстан",Астана,10.10.2000,1,
p130,photo,"Встреча Президента РК  Н.А. Назарбаева с Президентом  Турецкой Республики А. Сезером, прибывшим с официальным визитом в Казахстан",Астана,19.10.2000,2,
p131,photo,Официальный визит Президента РК Н.А. Назарбаева в Королевство Испания. Встреча с Королем Хуаном Карлосом I,Мадрид,30.10.2000,1,
p132,photo,"Встреча Президента РК Н.А. Назарбаева с Главой исполнительной власти Исламской Республики Пакистан П. Мушаррафом, прибывшим в Казахстан с рабочим визитом",Астана,06.11.2000,2,
p133,photo,"Встреча Президента РК Н.А. Назарбаева с Президентом РФ В. Путиным, в рамках рабочего визита в РФ",Москва,18.11.2000,1,
p134,photo,"Встреча Президента РК Н.А. Назарбаева с Королем Норвегии Харальдом V, в рамках официального визита в Королевство Норвегия",г. Осло,03.04.2001,2,
p135,photo,Официальный визит Президента РК Н.А. Назарбаева  в Литовскую Республику. Встреча  с Президентом В. Адамкусом,г. Вильнюс,05.04.2001,1,
p136,photo,"Встреча Президента РК Н.А. Назарбаева с Президентом Турции А.Н. Сезером, в рамках VII саммита глав тюркоязычных государств",Стамбул,26.04.2001,2,
p137,photo,Официальный визит в Армению. Встреча с Президентом Армении Р. Кочаряном,Ереван,23.05.2001,2,
p138,photo,"Встреча Президента РК Н.А. Назарбаева с Президентом России В.В. Путиным, в рамках oчeрeднoй сeссии Сoвeта кoллeктивнoй бeзoпаснoсти ДКБ",Ереван,23.05.2001,2,
p139,photo,"Встреча Президента РК Н.А. Назарбаева с Председателем КНР Ц. Цзэминем, рамках работы саммита гoсударств «Шанхайскoй пятeрки»",Пекин,15.06.2001,1,
p140,photo,"Встреча Президента РК Н.А. Назарбаева с Президeнтом Республики Туркменистан С.А. Ниязовым, прибывшим в Казахстан с официальным визитом",Астана,05.07.2001,2,
p141,photo,Официальный визит Президента РК Н.А. Назарбаева в Греческую Республику. Встреча с Прeзидeнтом Грeции К. Стeфанoпулoсом,Афины,16.07.2001,3,
p142,photo,Официальный визит Президента РК Н.А. Назарбаева в Хорватию. Встреча с Президентом Хорватии С. Месичем,Загреб,18.07.2001,2,
p143,photo,"Встреча Президента РК Н.А. Назарбаева с Папой Римским Иоанном Павлом II, прибывшим в Казахстан с гoсударствeнным визитoм",Астана,23.09.2001,3,
p144,photo,"Встреча Президента РК Н.А. Назарбаева с Президентом Словацкой Республики Р. Шустером, прибывшим в Казахстан с официальным визитом",Астана,14.11.2001,1,
p145,photo,Рабoчий визит Президента РК Н.А. Назарбаева в Королевство Испания. Встреча с Прeдсeдатeлeм Правитeльства X.М. Аснарoм,г. Мадрид,17.12.2001,1,
p146,photo,"Рабoчий визит Президента РК Н.А. Назарбаева в Сoeдинeнных Штатах Амeрики. Встреча с Президентом США Дж. Бушeм",г. Вашингтон,18.12.2001,1,
p147,photo,Неформальная встреча Президент РК Н.А. Назарбаева с Президентом РФ В.В. Путиным на горнолыжном курорте «Чимбулак»,Алматы,01.03.2002,2,
p148,photo,"Встреча Президента РК Н.А. Назарбаева с Президентом Хорватии С. Месичем, прибывшим в Казахстан с официальным визитом",Астана,19.04.2002,2,
p149,photo,"Встреча Президента РК Н.А. Назарбаева с Президентом Исламской Республики Иран М. Хатами, прибывшего с официальным визитом в Казахстан",Алматы,24.04.2002,2,
p150,photo,"Официальный визит Президента РК Н.А. Назарбаева в Республику Словения. Встреча с Президентом М. Кучаном",Любляна,22.05.2002,1,
p151,photo,Официальный визит Президента РК Н.А. Назарбаева в Республику Польшу. Встреча Главы государства с Президентом Польши А. Квасьневским,Варшава,24.05.2002,3,
p152,photo,"Встреча Президента РК Н.А. Назарбаева с Президентом Гре­ческой Республики К. Стефанопулосом, прибывшим в Казахстан с официальным визитом",Алматы,26.06.2002,1,
p153,photo,"Встреча Президента РК Н.А. Назарбаева с Президентом Ре­спублики Узбекистан И.А. Каримовым, прибывшим в Казахстан с официальным визитом",Астана,09.09.2002,2,
p154,photo,"Встреча Президента РК Н.А. Назарбаева с Президентом Республики Словения М. Кучаном, прибывшим в Казах­стан с официальным визитом",Астана,09.09.2002,2,
p155,photo,Официальный визит Президента РК Н.А. Назарбаева в Швейцарскую Конфедерацию. Встреча с Федеральным Президентом Швейцарии П. Кушпеном,г. Цюрих,20.01.2003,3,
p156,photo,Официальный ви­зит Президента РК Н.А. Назарбаева в Итальянскую Республику. Встреча с Президентом К.А. Чампи,г. Рим,04.02.2003,3,
p157,photo,Визит Президента РК Н.А. Назарбаева в Государство Ватикан. Встреча с Главой Ватикана Папой Римским  Иоанном Павлом II.,г. Ватикан,06.02.2003,2,
p158,photo,Рабочий визит Президента РК Н.А. Назарбаева в Омск. Встреча с Президентом РФ В.В. Путиным,г. Омск,15.04.2003,2,
p159,photo,Официальный визит Президента РК Н.А. Назарбаева в Турецкую Респу­блику. Встреча с Президентом А.Н. Сезером,г. Анкара,22.05.2003,3,
p160,photo,"Встреча Президента РК Н.А. Назарбаева с Президентом Украины Л.Д. Кучмой, в рамках неформального сам­мита государств СНГ в г. Санкт-Петербурге Россий­ской Федерации","г. Санкт-Петербург",30.05.2003,1,
p161,photo,"Встреча Президента РК Н.А. Назарбаева с Председателем Ки­тайской Народной Республики Ху Цзиньтао, прибыв­шим в Казахстан с государственным визитом",г. Астана,03.06.2003,5,
p162,photo,"Официальный визит Президента РК Н.А. Назарбаева в Канаду. Встреча с  генерал-губернатором, Верховным главнокомандую­щим Вооруженных Сил Канады А. Кларксоном",г. Оттава,24.06.2003,2,
p163,photo,Официальный визит Президента РК Н.Назарбаева во Французскую Республику. Встреча с Президентом Франции Ж. Шираком,г.Париж,28.06.2003,3,
p164,photo,Официальный визит Президента Румынии И. Илиеску в Казахстан. Встреча Президента РК Н.А. Назарбаева с Президентом Румынии И. Илиеску,г. Астана,09.09.2003,3,
p165,photo,Встреча Президента РК Н.А. Назарбаева с верховным правителем Малайзии Янгом Ди Пертуаном Агонгом XII,г. Астана,12.09.2003,3,
p166,photo,Официальный визит Президента РК Н.А. Назарбаева в Республику Молдова. Встреча с Президентом Молдовы В. Ворониным,г. Кишинев,17.09.2003,2,
p167,photo,"Встреча Президента РК Н.А. Назарбаева с Президентом Украины Л. Кучмой, в рамках заседания Совета глав государств СНГ",г. Ялта,18.09.2003,2,
p168,photo,"Встреча Президента РК Н.А. Назарбаева с Президентом Республики Болгария Г. Пырвановым, прибывшим в Ка­захстан с официальным визитом",г. Астана,25.09.2003,3,
p169,photo,Государственный визит Президента РК Н.А. Назарбаева в Республику Сингапур. Встреча с Президентом Республики Сингапур С.Р. Натаном,г. Сингапур,07.11.2003,2,
p170,photo,Государственный визит Президента РК Н.А. Назарбаева в Республику Филиппины. Встреча с Президентом Республики Филиппины Г. Арройо,г. Манила,11.11.2003,4,
p171,photo,Официальный визит Главы государства в Республику Корея. Встреча с Президентом Но Му Хеном,г. Сеул,12.11.2003,3,
p172,photo,"Встреча Президента РК Н.А. Назарбаева с Канцелером Федеративной Республики Германия  Г. Шредером, прибывшим в Казахстан с официальным визитом",г. Астана,04.12.2003,5,
p173,photo,Официальный визит Президента РК Н.А. Назарбаева в Исламскую Республику Пакистан. Встреча с Президентом Пакистана П. Мушаррафом,г. Исламабад,08.12.2003,4,
p174,photo,"Встреча Президента РК Н.А. Назарбаева  с Президентом Российской Федерации В.В. Путиным, прибывшим в Казахстан с официальным визитом.",г. Астана,09.01.2004,20,
p175,photo,Официальный визит  Президента РК Н.А. Назарбаева  в Объединенные Арабские Эмираты. Встреча с Президентом ОАЭ шейхом Заидом бен Султаном аль-Нахаяном,г.Абу-Даби,18.01.2004,6,
p176,photo,"Встреча  Президента РК Н.А. Назарбаева   с Президентом Азербайджанской Республики И.Г. Алиевым, прибывшим в Казахстан с официальным визитом",г. Астана,01.03.2004,6,
p177,photo,Официальный визит Президента РК Н.А. Назарбаева в Королевство Саудовская Аравия.  Встреча с наследным принцем Абдаллой бен Абделем Азизом,"г.Эр-Рияд.", 2.03.2004 - 6.03.2004,10,
p178,photo,"Встреча Президента РК Н.А. Назарбаева с Президентом Афганистана Х. Карзаем, прибывшим в Республику Казахстан с официальным визитом",г. Астана,15.04.2004,4,
p179,photo,"Встреча  Президента РК Н.А. Назарбаева с Президентом Чешской Республики В.Клаусом, посетившим Казахстан проездом",г. Астана,15.04.2004,4,
p180,photo,Официальный визит Президента РК Н.А. Назарбаева  в Федеративную Республику Германия. Встреча с Федеральным канцлером ФРГ Г.Шредером,г. Берлин,19.04.2004,3,
p181,photo,Рабочий визит  Президента РК Н.А. Назарбаева  в Российскую Федерацию. Встреча с Президентом России В.В. Путиным,г. Москва,20.04.2004,2,
p182,photo,Государственный визит  Президента РК Н.А. Назарбаева  в Китайскую Народную Республику. Встреча с Председателем КНР Ху Цзиньтао,г. Пекин,17.05.2004,6,
p183,photo,"Встреча  Президента РК Н.А. Назарбаева с Президентом Эстонской Республики А.Рюйтелем, прибывшим в Казахстан с официальным визитом",г. Астана,02.06.2004,6,
p184,photo,Встреча Президента РК Н.А. Назарбаева с Президентом Российской Федерации В.В. Путиным на территории высокогорной базы «Шымбулак»,г. Алматы,19.06.2004,6,
p185,photo,Рабочий визит Президента РК Н.А. Назарбаева в Республику Татарстан. Встреча с Президентом М.Ш. Шаймиевым,г. Казань,30.06.2004,10,
p186,photo,"Официальный визит Президента РК Н.А. Назарбаева в Башкортостан. Встреча с  Президентом Башкортостана М.Г. Рахимовым",г.Уфа., 1-2.07.2004,4,
p187,photo,"Встреча Президента РК Н.А. Назарбаева с Королем Испании Хуан Карлосом I, прибывшим в Казахстан с рабочим визитом",г. Астана,01.09.2004,8,
p188,photo,"Встреча Президента РК Н.А. Назарбаева с Президентом Чешской Республики В.Клаусом, прибывшим в Казахстан с официальным визитом",г. Алматы,08.09.2004,12,
p189,photo,Официальный визит Президента РК Н.А. Назарбаева в Австрийскую Республику. Встреча с Федеральным Президентом Австрии Х.Фишером,г. Вена,10.09.2004,6,
p190,photo,"Встреча Президента РК Н.А. Назарбаева с Президентом Республики Корея Но Му Хеном, прибывшим в Казахстан с государственным визитом",г. Астана,20.09.2004,7,
p191,photo,"Встреча Президента РК Н.А. Назарбаева с Президентом Латвийской Республики В.Вике-Фрейбергой, прибывшей в Казахстан с официальным визитом",г. Астана,08.10.2004,5,
p192,photo,"Встреча Президента РК Н.А. Назарбаева с Президентом Республики Башкортостан М.Г. Рахимовым, прибывшим в Казахстан с рабочим визитом",г. Астана,15.10.2004,3,
p193,photo,Официальный Президента РК Н.А. Назарбаева визит в Королевство Швеция. Встреча с Королем Швеции Карлом XVI Густавом,г. Стокгольм,26.10.2004,3,
p194,photo,"Встреча Президента РК Н.А. Назарбаева с Президентом Республики Татарстан М.Ш. Шаймиевым, прибывшим в Казахстан с официальным визитом для участия в Днях Республики Татарстан в Казахстане",г. Астана,28.10.2004,2,
p195,photo,"Встреча Президента РК Н.А. Назарбаева  с Президентом, Российской Федерации В.В. Путиным, прибывшим в Казахстан с рабочим визитом",г.Астана,12.01.2005,2,
p196,photo,Встреча  Президента РК Н.А. Назарбаева   с Президентом России В.В. Путиным в ходе официального визита в Российскую Федерацию,г. Москва,18.01.2005,8,
p197,photo,"Встреча  Президента РК Н.А. Назарбаева   с Президентом Грузии М.Н.Саакашвили, прибывшим в Казахстан с государственным визитом",г. Астана,31.03.2005,9,
p198,photo,Рабочий  Президента РК Н.А. Назарбаева   визит в Российской Федерации. Встреча с Президентом В.В. Путиным в г.Ново-Огарево,г.Ново-Огарево,09.04.2005,3,
p199,photo,"Встреча Президента РК Н.А. Назарбаева с Президентом РФ В.В. Путиным, в рамках II Форума руководителей приграничных регионов Казахстана и России в г.Челябинске Российской Федерации",г.Челябинск,17.05.2005,11,
p200,photo,"Встреча Президента РК Н.А. Назарбаева с Президентом Республики Беларусь А.Г. Лукашенко, прибывшим в Казахстан с официальным визитом.",г. Астана,18.05.2005,14,
p201,photo,Официальный Президента РК Н.А. Назарбаева в Азербайджанскую Республику. Встреча с Президентом Азербайджана И.Г. Алиевым,г. Баку,24.05.2005,8,
p202,photo,"Встреча Президента РК Н.А. Назарбаева с Президентом Украины В.А.Ющенко, прибывшим в страну с официальным визитом",г. Астана,30.05.2005,9,
p203,photo,Участие Президента РК Н.А. Назарбаева вместе с Президентом Российской Федерации В.В.Путиным в торжествах на космодроме «Байконур» по случаю 50-летия космической гавани Казахстана,Байконур,02.06.2005,14,
p204,photo,Президент РК Н.А. Назарбаев принял наследного принца эмирата Абу-Даби Объединенных Арабских Эмиратов Мухаммеда бен Заида аль-Нахаяна,г. Астана,06.06.2005,3,
p205,photo,"Встреча Президента РК Н.А. Назарбаева с Председателем Китайской Народной Республики Ху Цзиньтао, прибывшим в страну для участия в заседании Совета глав государств-членов ШОС",г. Астана,04.07.2005,6,
p206,photo,"Встреча Президента РК Н.А. Назарбаева с Президентом Республики Монголия Н.Энхбаяром, прибывшим в страну для участия в заседании Совета глав государств-членов ШОС",г. Астана,04.07.2005,2,
p207,photo,"Встреча Президента РК Н.А. Назарбаева с Президентом Республики Таджикистан Э.Ш.Рахмоновым, прибывшим в страну для участия в заседании Совета глав государств-членов ШОС",г. Астана,04.07.2005,2,
p208,photo,"Встреча  Президента РК Н.А. Назарбаева с Президентом Российской Федерации В.Путиным, в рамках Х юбилейного заседания Совета глав государств-членов ШОС, состоявшегося в г.Астане",г. Астана,05.07.2005,2,
p209,photo,Президент РК Н.А. Назарбаев принял Государственного секретаря Соединенных Штатов Америки К.Райс,г. Астана,13.10.2005,15,
p210,photo,Вручение Президентом Рк Н.А. Назарбаевым Государственной премии мира и прогресса Первого Президента Республики Казахстан Президенту Республики Татарстан М.Ш.Шаймиеву.,г. Астана,27.10.2005,12,
p211,photo,Встреча  Президента РК Н.А. Назарбаева  в своей алматинской резиденции с Королем Иордании Абдаллой II бен Хусейном бен Талалом,г. Алматы,08.11.2005,12,
p212,photo,Официальный Президента РК Н.А. Назарбаева  визит в Украину. Беседа с Президентом Украины В.А.Ющенко.,г.Киев,18.11.2005,9,
p213,photo,"Встреча Президента РК Н.А. Назарбаева с Президентом   Российской Федерации В.В. Путиным, прибывшим в Казахстан с рабочим визитом",г.Астана,12.01.2005,7,
p214,photo,Встреча Президента РК Н.А. Назарбаева с Президентом Российской Федерации В.В. Путиным. Внеочеред­ное заседание Межгосударственного совета ЕврАзЭС в г. Санкт-Петербурге Российской Федерации,г.Санкт-Петербург,26.01.2006,10,
p215,photo,Официальный визит  Президента РК Н.А. Назарбаева в Республику Узбекистан. Встреча с Президентом Узбекистана И.А. Каримовым,г. Ташкент,20.03.2006,9,
p216,photo,Официальный визит Президента РК Н.А. Назарбаева в Российскую Федерацию. Встреча с Президентом России В.В. Путиным,г. Москва,04.04.2006,7,
p217,photo,"Встреча Президента РК Н.А. Назарбаева с Президентом Республики Таджикистан Э.Ш. Рахмоновым, прибывшим в Казахстан с официальным визитом",г. Астана,04.05.2006,9,
p218,photo,"Неформальная встреча Президента РК Н.А. Назарбаева с Президентом Российской Федерации В.В. Путиным, состоявшаяся в резиденции «Бочаров ручей» в г. Сочи",г. Сочи,20.05.2006.,8,
p219,photo,"Встреча Президента РК Н.А. Назарбаева с Председателем Китайской Народной Республики Ху Цзиньтао накануне юбилейного саммита ШОС, состоявшемся в г. Шанхае",г. Шанхай,14.06.2006,4,
p220,photo,"Встреча Президента РК Н.А. Назарбаева с Президентом Исламской Республики Иран М. Ахмадинежадом, в рамках юбилейного заседания Совета глав государств-членов ШОС в г. Шанхае",г. Шанхай,15.06.2006,3,
p221,photo,"Встреча Президента РК Н.А. Назарбаева с Президентом Республики Монголия Н. Энхбаяром,  в рамках юбилейного заседания Совета глав государств-членов ШОС в г. Шанхае",г. Шанхай,15.06.2006,2,
p222,photo,"Участие Президента РК Н.А. Назарбаева в юбилейном за­седании Совета глав государств-членов ШОС в г. Шан­хае, посвященном 10-летию создания «Шанхайской пятерки» и 5-летию образования ШОС",г. Шанхай,15.06.2006,16,
p223,photo,"Встреча Президента РК Н.А. Назарбаева с Президентом Российской Федерации В.В. Путиным, прибывшим в Казахстан для участия во II саммите СВМДА",г. Алматы,16.06.2006,6,
p224,photo,"II сам­мит СВМДА, состоявшийся в г. Алматы",г. Алматы,16.06.2006,7,
p225,photo,Государственный визит Президента РК Н.А. Назарбаева в Федерация Малайзия. Встреча с Верховным правителем страны Янгом Ди-Пертуаном Агонгом XII,г. Куала-Лумпур,26.06.2006,4,
p226,photo,Государственный визит  Президента РК Н.А. Назарбаева в Республику Хорватия. Встреча с Президентом страны С. Месичем,г. Загреб,11.07.2006,4,
p227,photo,Встреча Президента РК Н.А. Назарбаева с Президентом Французской Республики Ж. Шираком в рамках саммита «Группы восьми» («G-8») в г. Санкт-Петербурге Российской Федерации,г.Санкт-Петербург,17.07.2006,4,
p228,photo,Встреча Президента РК Н.А. Назарбаева с Президентом Российской Федерации В.В. Путиным в рамках саммита «Группы восьми» («G-8») в г.Санкт-Петербурге Российской Федерации,г.Санкт-Петербург,17.07.2006,4,
p229,photo,Государственный визит Президента РК Н.А. Назарбаева в Латвийскую Республику. Встреча с Президентом страны В. Вике-Фрейбергой,г. Рига,18.07.2006,7,
p230,photo,Встреча Президента РК Н.А. Назарбаева с Президентом Российской Федерации В.В. Путиным в рамках неформального саммита ЕврАзЭС,г. Сочи,15.08.2006,6,
p231,photo,"Встреча Президента РК Н.А. Назарбаева с Президентом Республики Узбекистан И.А. Каримовым, прибывшим в страну с государственным визитом.",г. Астана,04.09.2006,2,
p232,photo,Рабочий  визит Президента РК Н.А. Назарбаева в Королевство Испании. Встреча с Королем Хуаном Карлосом I,г. Мадрид,26.09.2006,5,
p233,photo,Официальный визит Президента РК Н.А. Назарбаева  в США. Встреча в Белом Доме с Президентом США Дж. Бушем-младшим,г.Вашингтон,29.09.2006,4,
p234,photo,"Встреча Президента РК Н.А. Назарбаева с Президентом РФ В. Путиным, в рамках III Форума руководителей приграничных регионов Казахстана и России",г.Уральск,03.10.2006,1,
p235,photo,Официальный визит  Президента РК Н.А. Назарбаева в Великобританию. Встреча с Ее Величеством Королевой Елизаветой II,г. Лондон,21.11.2006,3,
p236,photo,Официальный визит Президента РК Н.А. Назарбаева в Иорданское Хашимитское Королевство. Встреча с Королем Абдаллой II бен Хусейном,г.Амман,29.11.2006,4,
p237,photo,Рабочий визит Президента РК Н.А. Назарбаева в Арабскую Республику Египет. Встреча с Президентом М.Х. Мубараком,г. Каир,02.12.2006,4,
p238,photo,Официальный визит Президента  РК Н.А. Назарбаева в Королевство Бельгия. Встреча  с Королем Бельгии Альбертом II,г. Брюссель,05.12.2006,3,
p239,photo,Государственный визит Президента РК Н.А. Назарбаева в Китайскую Народную Республику. Встреча с Председателем КНР Ху Цзиньтао,г.Пекин,20.12.2006,4,
p240,photo,Официальный визит Президента РК Н.А. Назарбаева в Федеративную Республику Германия. Встреча с Федеральным канцлером А.Меркель,г.Берлин,30.01.2007,4,
p241,photo,Официальный визит  Президента РК Н.А. Назарбаева в Федеративную Республику Германия. Встреча с Федеральным президентом ФРГ Х.Кёллером,г. Берлин,01.02.2007,5,
p242,photo,"Рабочий визит  Президента  РК Н.А. Назарбаева в Украину. Встреча с Президентом  Украины В.А. Ющенко",г. Киев,02.02.2007,3,
p243,photo,"Встреча   Президента  РК Н.А. Назарбаева с Президентом Грузии М.Н. Саакашвили, прибывшим в страну с рабочим визитом",г. Астана,06.03.2007,2,
p244,photo,Официальный визит Президента РК Н.А. Назарбаева  в Государство Катар. Встреча с Эмиром Катара шейхом Хамадом бен Халифа Аль Тани,г. Доха,11.03.2007,6,
p245,photo,"Встреча   Президента  РК Н.А. Назарбаева с Президентом Арабской Республики Египет М.Х.Мубараком",г. Каир,12.03.2007,4,
p246,photo,"Встреча  Президента  РК Н.А. Назарбаева с Президентом Российской Федерации В.В.Путиным",г. Москва,19.03.2007,4,
p247,photo,"Встреча  Президента  РК Н.А. Назарбаева  с Президентом Российской Федерации В.В. Путиным, прибывшим в страну с официальным визитом",г. Астана,10.05.2007,8,
p248,photo,"Встреча   Президента  РК Н.А. Назарбаева с Президентом Республики Туркменистан Г.М. Бердымухаммедовым, накануне трехстороннего саммита Казахстана, России и Туркменистана в г.Туркменбаши",г.Туркменбаши,12.05.2007,3,
p249,photo,"Встреча   Президента  РК Н.А. Назарбаева с Президентом Республики Туркменистан Г.М. Бердымухаммедовым, прибывшим в страну с государственным визитом",г. Астана,28.05.2007,7,
p250,photo,Президент РК Н.А. Назарбаев принял Президен­та Чеченской Республики Рамзана Кадырова,г.  Астана,04.06.2007,4,
p251,photo,"Встреча  Президента  РК Н.А. Назарбаева с Королем Испании Хуан Карлос I и Королевой Софией",г. Астана,19.06.2007,10,
p252,photo,"Встреча   Президента  РК Н.А. Назарбаева с Президентом Республики Азербайджан И.Г. Алиевым, прибывшим в страну с официальным визитом",г. Астана,07.08.2007,8,
p253,photo,"Встреча  Президента  РК Н.А. Назарбаева с Королем Иорданского Хашимитского Королевства Абдаллой II бен Хусейн бен Талалом, прибывшим в страну с официальным визитом",г. Астана,09.08.2007,10,
p254,photo,"Встреча   Президента  РК Н.А. Назарбаева с Президентом Республики Монголия Н. Энхбаяром, посетившим страну с государственным визитом.",г. Астана,14.08.2007,10,
p255,photo,"Встреча  Президента РК Н.А. Назарбаева с Председателем Китайской Народной Республики Ху Цзиньтао",г. Астана,18.08.2007,24,
p256,photo,"Официальный визит Президента РК Н.А. Назарбаева Республику Туркменистан. Встреча с Президентом страны Г.М. Бердымухамедовым",г. Ашхабад,12.09.2007,15,
p257,photo,Официальный визит Президента РК Н.А. Назарбаева в Республику Таджикистан. Встреча с Президентом страны Э.Ш. Рахмоновым,г. Душанбе,13.09.2007,4,
p258,photo,Официальный визит Президента РК Н.А. Назарбаева в Федеративную Республику Бразилия. Встреча с Президентом страны Л.И. Лула да Силва,г. Бразилия,27.09.2007,11,
p259,photo,"Рабочий  визит   Президента  РКН.А. Назарбаева в Турецкую Республику. Встреча с Президентом страны А.Гюлем",г. Анкара,01.10.2007,12,
p260,photo,"Официальный визит Президента РК Н.А. Назарбаева в Исламскую Республику Иран. Встреча с Президентом страны М. Ахмадинежадом. Участие во II саммите глав прикаспийских государств в г. Тегеране, на ко­тором собрались президенты Азербайджана, Ира­на, Казахстана, России, Туркменистана для обсуж­дения актуальных вопросов определения правового статуса Каспийского моря",г. Тегеран,15.10.2007,13,
p261,photo,"Рабочая поездка  Президента  РК Н.А. Назарбаева в г. Шымкент. Встреча с Президентом ОАЭ Шейхом Халифа бен Заид аль-Нахаяном, прибывшим в Казахстан с кратким визитом",г. Шымкент,23.10.2007,10,
p262,photo,Государственный визит Президента РК Н.А. Назарбаева в Сирийскую Арабскую Республику. Встреча с Президентом Сирии Башаром Хафезом аль-Асадом,г. Дамаск,06.11.2007,16,
p263,photo,Государственный визит Президента РК Н.А. Назарбаева в Словацкую Республику. Встреча с Президентом страны И. Гашпаровичем,г. Братислава,21.11.2007,12,
p264,photo,Государственный визит Президента РК Н.А. Назарбаева в Румынию. Встреча с Президентом страны Т.Бэсеску.,г. Бухарест,22.11.2007,9,
p265,photo,Государственный визит Президента РК Н.А. Назарбаева в Венгерскую Республику. Встреча с Президентом страны Л.Шойомом,г. Будапешт,23.11.2007,14,
p266,photo,"Встреча  Президента  РК Н.А. Назарбаева с наследным принцем эмирата Абу Даби Объединенных Арабских Эмиратов Мухаммедом бен Заидом аль-Нахаяном, прибывшим в страну с рабочим визитом",г. Астана,30.11.2007,5,
p267,photo,"Встреча  Президента  РК Н.А. Назарбаева с Президентом Турецкой Республики А.Гюлем, прибывшим в страну с государственным визитом",г. Астана,13.12.2007,9,
p268,photo,"Рабочий визит  Президента  РК Н.А. Назарбаева в Российскую Федерацию. Встреча с Президентом страны В.В. Путиным",г. Москва,20.12.2007,6,
p269,photo,"Встреча  Президента  РК Н.А. Назарбаева с Эмиром Катара шейхом Хамад бен Халифа аль-Тани, прибывшим в Казахстан с официальным визитом",Астана,04.03.2008,4,
p270,photo,"Встреча  Президента  РК Н.А. Назарбаева с Президентом Украины В. Ющенко, прибывшим в Казахстан с официальным визитом",Астана,05.03.2008,4,
p271,photo,Официальный визит Президента РК Н.А. Назарбаева в Султанат Оман. Встреча с Султаном Кабусом бен Саидом,Маскат,15.03.2008,3,
p272,photo,"Встреча  Президента  РК Н.А. Назарбаева с Президентом Узбекистана И. Каримовым",Ташкент,22.04.2008,4,
p273,photo,"Встреча  Президента  РК Н.А. Назарбаева с Президентом Таджикистана Э. Рахмоном, прибывшим в Казахстан с официальным визитом",Астана,12.05.2008,7,
p274,photo,"Встреча  Президента  РК Н.А. Назарбаева с наследным принцем принца Абу-Даби шейхом Мухаммедом бен Зайд аль-Нахайяном, прибывшим в Казахстан с официальным визитом",Астана,14.05.2008,2,
p275,photo,"Встреча  Президента  РК Н.А. Назарбаева с Главой Иордании Абдаллой II в рамках Всемирного экономического форума по Ближнему Востоку",Каир,18.05.2008,2,
p276,photo,"Встреча  Президента  РК Н.А. Назарбаева с Президентом Российс­кой Федерации Д.А. Медведевым, прибывшим в Казахстан с государственным визитом",Астана,22.05.2008,6,
p277,photo,"Встреча  Президента  РК Н.А. Назарбаева с Президентом Объединенных Арабских Эмиратов шейхом Халифой Бен Заидом аль-Нахайяном, прибывшим в Казахстан с официальным визитом",Астана,14.07.2008,2,
p278,photo,"Рабочий визит  Президента  РК Н.А. Назарбаева в Королевство Испания. Встреча с Королем Хуаном Карлосом I в Пальма де Майорка",Пальма де Майорка,28.07.2008,6,
p279,photo,"Государственный визит Президента РК Н.А. Назарбаева в Монголию. Встреча с Президентом Монголии Н. Энхбаяром",Улан-Батор,06.08.2008,7,
p280,photo,"Государственный визит Президента РК Н.А. Назарбаева в Китайскую Народную Республику для участия в церемонии открытия ХХIX Олимпийских Игр. Встреча с Председателем КНР Ху Цзиньтао",Пекин,07.08.2008,4,
p281,photo,"Встреча  Президента  РК Н.А. Назарбаева с Президентом Республики Корея Ли Мен Баком,  в рамках участия в церемонии открытия ХХIX Олимпийских Игр в Пекине",Пекин,09.08.2008,2,
p282,photo,"Встреча  Президента  РК Н.А. Назарбаева с Президентом Исламской Иранской Республики Иран М. Ахмадинежадом в рамках заседаний Совета Глав государств – членов ШОС",Душанбе,28.08.2008,2,
p283,photo,"Встреча  Президента  РК Н.А. Назарбаева с Президентом Таджикистана Э. Рахмоном в рамках заседаний Совета Глав государств – членов ШОС",Душанбе,28.08.2008,5,
p284,photo,"Встреча  Президента  РК Н.А. Назарбаева с Президентом Узбекистана И. Каримовым в рамках заседаний Совета Глав государств – членов ШОС",Душанбе,28.08.2008,4,
p285,photo,"Встреча Президента РК Н.А. Назарбаева с Президентом Российской  Федерации Д.А. Медведевым, в рамках заседаний Совета Глав государств – членов ШОС",Душанбе,28.08.2008,2,
p286,photo,"Встреча  Президента  РК Н.А. Назарбаева с Президентом Германии Х. Келером",Астана,02.09.2008,3,
p287,photo,"Участие  Президента  РК Н.А. Назарбаева и Президента Российской Федерации Д.А. Медведева на V юбилейном форуме приграничных регионов",Актобе,22.09.2008,6,
p288,photo,"Встреча с Президента РК Н.А. Назарбаева с Президентом  Латвии В. Затлерсом, прибывшим в Казахстан с официальным визитом",Астана,03.10.2008,9,
p289,photo,"Встреча с  Президента  РК Н.А. Назарбаева с Председателем Правительства Итальянской Республики С. Берлускони",Астана,26.10.2008,8,
p290,photo,"Неформальный саммит президентов Казахстана, Армении, Кыргызстана, России и Таджикистана в Боровое",Боровое,19.12.2008,16,
p291,photo,,,,,
p292,photo,,,,,
p293,photo,,,,,
p294,photo,,,,,
p295,photo,,,,,
p296,photo,,,,,
p297,photo,,,,,
p298,photo,,,,,
p299,photo,,,,,
p300,photo,,,,,
p301,photo,,,,,
p302,photo,,,,,
p303,photo,,,,,
p304,photo,,,,,
p305,photo,,,,,
p306,photo,,,,,
p307,photo,,,,,
p308,photo,,,,,
p309,photo,,,,,
p310,photo,,,,,
p311,photo,,,,,
p312,photo,,,,,
p313,photo,,,,,
p314,photo,,,,,
p315,photo,,,,,
p316,photo,,,,,
p317,photo,,,,,
p318,photo,,,,,
p319,photo,,,,,
p320,photo,,,,,
p321,photo,,,,,
p322,photo,,,,,
p323,photo,,,,,
p324,photo,,,,,
p325,photo,,,,,
p326,photo,,,,,
p327,photo,,,,,
p328,photo,,,,,
p329,photo,,,,,
p330,photo,,,,,
p331,photo,,,,,
p332,photo,,,,,
p333,photo,,,,,
p334,photo,,,,,
p335,photo,,,,,
p336,photo,,,,,
p337,photo,,,,,
p338,photo,,,,,
p339,photo,,,,,
p340,photo,,,,,
p341,photo,,,,,
p342,photo,,,,,
p343,photo,,,,,
p344,photo,,,,,
p345,photo,,,,,
p346,photo,,,,,
p347,photo,,,,,
p348,photo,,,,,
p349,photo,,,,,
p350,photo,,,,,
p351,photo,,,,,
p352,photo,,,,,